Date,URL,Username,Comment
03/14/2025,https://www.facebook.com/unnesshitpost/p/DHKZCwtyHpR/,,kucing apaaaa
03/14/2025,https://www.facebook.com/unnesshitpost/p/DHKZCwtyHpR/,@UNNES - Universitas Negeri Semarang,Minat
03/14/2025,https://www.facebook.com/unnesshitpost/p/DHKZCwtyHpR/,@112 likes,"Ada yg bisa dititipin kucing ga derr, mau ditinggal mudik soalnya"
03/14/2025,https://www.facebook.com/unnesshitpost/p/DHKZCwtyHpR/,,mauuu
03/14/2025,https://www.facebook.com/unnesshitpost/p/DHKZCwtyHpR/,@#unnesshitpost,Minat nder
03/14/2025,https://www.facebook.com/unnesshitpost/p/DHKZCwtyHpR/,@,kak boleh dm? mau adopt pls
03/14/2025,https://www.facebook.com/unnesshitpost/p/DHKZCwtyHpR/,@anomalisukadimsumm,betina/jantan ka?
03/14/2025,https://www.facebook.com/unnesshitpost/p/DHKZCwtyHpR/,@3h,Gass
03/14/2025,https://www.facebook.com/unnesshitpost/p/DHKZCwtyHpR/,@,Yang cari tempat penitipan kucing bisa DM aku aja gaes..
03/14/2025,https://www.facebook.com/unnesshitpost/p/DHKZCwtyHpR/,@_zalpin,@rmdhni_rp
03/14/2025,https://www.facebook.com/unnesshitpost/p/DHKZCwtyHpR/,@2h,@akmlnniam @hahahahafizz_ @krisnooooooo @bagas.sptro
03/14/2025,https://www.facebook.com/unnesshitpost/p/DHKZCwtyHpR/,@,@fysplacey angkutt
03/13/2025,https://www.facebook.com/unnesshitpost/p/DHJA6jcpt_v/,,ke bank aja kak
03/13/2025,https://www.facebook.com/unnesshitpost/p/DHJA6jcpt_v/,@UNNES - Universitas Negeri Semarang,Sepanjang jalan pahlawan mendekati idul fitri kayanya udh pada mulai ituh
03/13/2025,https://www.facebook.com/unnesshitpost/p/DHJA6jcpt_v/,@186 likes,Lebih awal belinya biar ga terlalu mahal
03/13/2025,https://www.facebook.com/unnesshitpost/p/DHJA6jcpt_v/,,Mbak dari purbalingga yang kamis 13 maret jam 1 kemarin aku bantuin cari ruang tes toefl di gedung arsip. Komen dong mbak kalo baca iniüò¢
03/13/2025,https://www.facebook.com/unnesshitpost/p/DHJA6jcpt_v/,@#unnesshitpost,ajakin bang wkwk @kalyanatr_
03/13/2025,https://www.facebook.com/unnesshitpost/p/DHJA6jcpt_v/,@infokejadian_fkunnes,Iki badar e @felixignaz_
03/13/2025,https://www.facebook.com/unnesshitpost/p/DHJA6jcpt_v/,@14h,@elhafiz.af iki nderrr
03/13/2025,https://www.facebook.com/unnesshitpost/p/DHIqnAFzD7f/,,"Waduh mimin ada info tapi bulanan sih, oh ya di grup Fb coba cek deh, buanyak koss yang harian, mingguan, bulanan jugaüòç"
03/13/2025,https://www.facebook.com/unnesshitpost/p/DHIqnAFzD7f/,@UNNES - Universitas Negeri Semarang,"numpang nanya, emg biasanya harga kos mingguan disini kisaran berapaan? ü§®"
03/13/2025,https://www.facebook.com/unnesshitpost/p/DHIqnAFzD7f/,@295 likes,Buat kapan kak?
03/13/2025,https://www.facebook.com/unnesshitpost/p/DHIqnAFzD7f/,,"Kos geprek rasa damai, deket pintu doraemon"
03/13/2025,https://www.facebook.com/unnesshitpost/p/DHIqnAFzD7f/,@#unnesshitpost,Belakang FBS mas
03/13/2025,https://www.facebook.com/unnesshitpost/p/DHIqnAFzD7f/,@tokoadamgrosir,Biar pesan di post gini gimana sih caranyaüòÇ
03/13/2025,https://www.facebook.com/unnesshitpost/p/DHIqnAFzD7f/,@18h,Kalo kamu cewek bisa dm aku ya
03/13/2025,https://www.facebook.com/unnesshitpost/p/DHIqnAFzD7f/,@,Daerah patemon gang rimba kak.. bisa dm akuu
03/13/2025,https://www.facebook.com/unnesshitpost/p/DHIqnAFzD7f/,@i.najah_,Kos banana
03/13/2025,https://www.facebook.com/unnesshitpost/p/DHIqnAFzD7f/,@7h,Kalo buat cewek bisa dm aku ya
03/13/2025,https://www.facebook.com/unnesshitpost/p/DHIqnAFzD7f/,@,dm akuu kalo ada yg nyari kos cwe bulanan atau hariann yaaaüòç
03/13/2025,https://www.facebook.com/unnesshitpost/p/DHIqnAFzD7f/,@znhr_,"Dm kakk, lokasi strategis bgt depan jalan raya taman siswa,kost putrii kamar luas bgt 1 kamar ada 3 springbed"
03/13/2025,https://www.facebook.com/unnesshitpost/p/DHIqnAFzD7f/,@1h,@baaskaraaa ???
03/13/2025,https://www.facebook.com/unnesshitpost/p/DHIPIbKzwXJ/,,"Cewek : M, L . cowok : L, XL. DM kalo mau"
03/13/2025,https://www.facebook.com/unnesshitpost/p/DHIPIbKzwXJ/,@UNNES - Universitas Negeri Semarang,"Mimin kurang tau, tapi kalo cari body care dan sembako yang murah cuman di Grosir Adam üòÇ"
03/13/2025,https://www.facebook.com/unnesshitpost/p/DHIPIbKzwXJ/,@174 likes,punyaku ukuran s
03/13/2025,https://www.facebook.com/unnesshitpost/p/DHIPIbKzwXJ/,,"Buat kapan nder ? Aku ada ld 100,104,108"
03/13/2025,https://www.facebook.com/unnesshitpost/p/DHIPIbKzwXJ/,@#unnesshitpost,"Ready XL, L, M. minat dm nder, tq"
03/13/2025,https://www.facebook.com/unnesshitpost/p/DHIPIbKzwXJ/,@say_nurani,085713331758..bisa pilih ukuran kak
03/13/2025,https://www.facebook.com/unnesshitpost/p/DHIPIbKzwXJ/,@5h,Dm wa nder tapi hanya ukuran L üòÇ
03/13/2025,https://www.facebook.com/unnesshitpost/p/DHHxXmkz93e/,,maaf kaaü•Äü•Ä
03/13/2025,https://www.facebook.com/unnesshitpost/p/DHHxXmkz93e/,@UNNES - Universitas Negeri Semarang,üòÇüòÇ
03/13/2025,https://www.facebook.com/unnesshitpost/p/DHHxXmkz93e/,@978 likes,Namanya kendaraan umum itu memang suka berebut ges lain kali kalo memang buru-buru gausah naik atau langsung naik tanpa babibu üî•
03/13/2025,https://www.facebook.com/unnesshitpost/p/DHHxXmkz93e/,,"Jangan jadi orang ga enakan nder, galak & sedikit nyolot itu diperlukan juga"
03/13/2025,https://www.facebook.com/unnesshitpost/p/DHHxXmkz93e/,@#unnesshitpost,Kepruk wae mba go es teh ben seger
03/13/2025,https://www.facebook.com/unnesshitpost/p/DHHxXmkz93e/,@infokejadian_fkunnes,Langsung sruduk wae nder. Tiada kata damai
03/13/2025,https://www.facebook.com/unnesshitpost/p/DHHxXmkz93e/,@16h,sabar lagi poso
03/13/2025,https://www.facebook.com/unnesshitpost/p/DHHxXmkz93e/,@mediapembelajaran_interaktif,Kalian naik shuttle buat urgent?
03/13/2025,https://www.facebook.com/unnesshitpost/p/DHHxXmkz93e/,@1d,buang rasa ga enakanmu kalo mau hidup nyaman
03/13/2025,https://www.facebook.com/unnesshitpost/p/DHHxXmkz93e/,@,Coba deh sekali aja speak up langsung jangan kaya gini wkwkwkw
03/13/2025,https://www.facebook.com/unnesshitpost/p/DHHxXmkz93e/,@mhilmiz,"Sikat nderr, ga betul ituuu üòÇ minDam ikut esmosiww bacanya"
03/13/2025,https://www.facebook.com/unnesshitpost/p/DHHxXmkz93e/,@17h,Itu halal buat mbo idoni raine kakk
03/13/2025,https://www.facebook.com/unnesshitpost/p/DHHxXmkz93e/,@,Kasih tau mas @qolisdt
03/13/2025,https://www.facebook.com/unnesshitpost/p/DHHxXmkz93e/,@rorovevey1001,supire iki dudu mbak/mas @b.bastianadiputraa üòÇ
03/13/2025,https://www.facebook.com/unnesshitpost/p/DHHxXmkz93e/,@13h,@hafiznur03 @nnnnachaa @avinaavina3 kelakuanmu semua pastiüòÇüòÇ
